{"cameraMode":{"drawMode":0,"name":"Shaded","section":"Shading Mode"},"sceneLighting":true,"audioPlay":false,"sceneViewState":{"m_AlwaysRefresh":false,"showFog":false,"showSkybox":false,"showFlares":false,"showImageEffects":false,"showParticleSystems":false,"showVisualEffectGraphs":false,"m_FxEnabled":true},"in2DMode":false,"pivot":{"x":21.079299926757814,"y":-3.4625585079193117,"z":33.07402038574219},"rotation":{"x":0.11757165193557739,"y":0.19935841858386994,"z":-0.024148985743522645,"w":0.9726104736328125},"size":22.107458114624025,"orthographic":false}