{"cameraMode":{"drawMode":0,"name":"Shaded","section":"Shading Mode"},"sceneLighting":false,"audioPlay":false,"sceneViewState":{"m_AlwaysRefresh":false,"showFog":false,"showSkybox":false,"showFlares":false,"showImageEffects":false,"showParticleSystems":false,"showVisualEffectGraphs":false,"m_FxEnabled":true},"in2DMode":false,"pivot":{"x":0.46019911766052248,"y":0.47197675704956057,"z":45.62800598144531},"rotation":{"x":-0.024269573390483857,"y":0.05605285242199898,"z":-0.0013564684195443988,"w":-0.9981537461280823},"size":1.9156056642532349,"orthographic":false}